{
  "total_flights": 5819079,
  "avg_delay": 4.33,
  "on_time_pct": 82.41,
  "cancellation_rate": 1.54,
  "unique_airlines": 14,
  "unique_routes": 8609,
  "avg_dep_delay": 9.23,
  "avg_distance": 822.36,
  "diverted_pct": 0.26,
  "delay_components": {
    "AIR_SYSTEM_DELAY": 13.48,
    "SECURITY_DELAY": 0.01,
    "AIRLINE_DELAY": 18.97,
    "LATE_AIRCRAFT_DELAY": 4.29,
    "WEATHER_DELAY": 0.53
  },
  "top_airlines": {
    "WN": 1261855,
    "DL": 875881,
    "AA": 725984,
    "OO": 588353,
    "EV": 571977,
    "UA": 515723,
    "MQ": 294632,
    "B6": 267048,
    "US": 198715,
    "AS": 172521
  },
  "best_airline": {
    "code": "AS",
    "avg_delay": -0.97
  },
  "worst_airline": {
    "code": "NK",
    "avg_delay": 14.2
  },
  "top_routes": {
    "SFO-LAX": 13744,
    "LAX-SFO": 13457,
    "JFK-LAX": 12016,
    "LAX-JFK": 12015,
    "LAS-LAX": 9715,
    "LGA-ORD": 9639,
    "LAX-LAS": 9594,
    "ORD-LGA": 9575,
    "SFO-JFK": 8440,
    "JFK-SFO": 8437
  },
  "busiest_airports": {
    "ATL": 693740.0,
    "ORD": 571790.0,
    "DFW": 479133.0,
    "DEN": 392065.0,
    "LAX": 389369.0,
    "SFO": 295974.0,
    "PHX": 293627.0,
    "IAH": 293305.0,
    "LAS": 266379.0,
    "MSP": 224245.0
  },
  "hourly_delays": {
    "0": 0.7999181669394435,
    "1": 3.8364024035665825,
    "2": 1.7765205091937766,
    "3": 1.7043701799485862,
    "4": 3.662900188323917,
    "5": -3.7004938543510857,
    "6": -2.5524033026981865,
    "7": -1.4787928325383872,
    "8": -0.19049168796947094,
    "9": 0.9523510044023529,
    "10": 2.1329390491976192,
    "11": 2.8333575362205514,
    "12": 3.7373365840764206,
    "13": 4.935190050315123,
    "14": 6.192902961648697,
    "15": 6.895978355449206,
    "16": 7.936274700511443,
    "17": 8.849793268812025,
    "18": 9.673987678688917,
    "19": 9.895894826431016,
    "20": 9.557548798914551,
    "21": 7.88974592861677,
    "22": 6.102321545541935,
    "23": 3.084465272118084
  },
  "best_hour": 5,
  "worst_hour": 19,
  "daily_delays": {
    "Friday": 4.7042828362960725,
    "Monday": 5.8373772302473705,
    "Saturday": 1.8243267741544082,
    "Sunday": 3.8846757744288083,
    "Thursday": 5.573257262575915,
    "Tuesday": 4.159566658773384,
    "Wednesday": 3.7886100780818253
  },
  "seasonal_delays": {
    "Fall": -0.1584917865974013,
    "Spring": 4.126365664372171,
    "Summer": 6.750104712826295,
    "Winter": 6.464635890158728
  },
  "monthly_flights": {
    "1": 469968,
    "2": 429191,
    "3": 504312,
    "4": 485151,
    "5": 496993,
    "6": 503897,
    "7": 520718,
    "8": 510536,
    "9": 464946,
    "10": 486165,
    "11": 467972,
    "12": 479230
  },
  "delay_categories": {
    "On Time": 3555980,
    "Early": 1239601,
    "Minor Delay": 704406,
    "Major Delay": 319092
  },
  "cancellation_reasons": {
    "B": 48851,
    "A": 25262,
    "C": 15749,
    "D": 22
  },
  "distance_categories": {
    "Short (<500mi)": 2133487,
    "Medium (500-1000mi)": 2038965,
    "Long (1000-1500mi)": 860257,
    "Very Long (1500-2000mi)": 412388,
    "Ultra Long (>2000mi)": 373982
  }
}